<?xml version="1.0"?>
<font>
  <info face="DS-Digital" size="64" bold="0" italic="0" charset="" unicode="1" stretchH="100" smooth="1" aa="2" padding="0,0,0,0" spacing="1,1" outline="0"/>
  <common lineHeight="64" base="53" scaleW="512" scaleH="512" pages="1" packed="0" alphaChnl="1" redChnl="0" greenChnl="0" blueChnl="0"/>
  <pages>
    <page id="0" file="digital_0.png" />
  </pages>
  <chars count="95">
    <char id="32" x="33" y="49" width="2" height="1" xoffset="0" yoffset="63" xadvance="15" page="0" chnl="15" />
    <char id="33" x="60" y="0" width="6" height="48" xoffset="5" yoffset="11" xadvance="17" page="0" chnl="15" />
    <char id="34" x="68" y="178" width="12" height="11" xoffset="3" yoffset="11" xadvance="18" page="0" chnl="15" />
    <char id="35" x="410" y="129" width="30" height="35" xoffset="0" yoffset="15" xadvance="33" page="0" chnl="15" />
    <char id="36" x="0" y="0" width="26" height="59" xoffset="3" yoffset="3" xadvance="31" page="0" chnl="15" />
    <char id="37" x="67" y="0" width="33" height="42" xoffset="3" yoffset="11" xadvance="39" page="0" chnl="15" />
    <char id="38" x="133" y="0" width="30" height="42" xoffset="3" yoffset="11" xadvance="31" page="0" chnl="15" />
    <char id="39" x="81" y="172" width="6" height="11" xoffset="3" yoffset="11" xadvance="11" page="0" chnl="15" />
    <char id="40" x="291" y="129" width="15" height="42" xoffset="3" yoffset="11" xadvance="21" page="0" chnl="15" />
    <char id="41" x="307" y="129" width="15" height="42" xoffset="3" yoffset="11" xadvance="21" page="0" chnl="15" />
    <char id="42" x="484" y="129" width="20" height="22" xoffset="3" yoffset="11" xadvance="25" page="0" chnl="15" />
    <char id="43" x="0" y="189" width="21" height="21" xoffset="3" yoffset="22" xadvance="27" page="0" chnl="15" />
    <char id="44" x="505" y="129" width="6" height="12" xoffset="3" yoffset="48" xadvance="11" page="0" chnl="15" />
    <char id="45" x="147" y="172" width="21" height="5" xoffset="3" yoffset="30" xadvance="27" page="0" chnl="15" />
    <char id="46" x="67" y="43" width="6" height="5" xoffset="3" yoffset="48" xadvance="11" page="0" chnl="15" />
    <char id="47" x="164" y="0" width="27" height="42" xoffset="1" yoffset="11" xadvance="30" page="0" chnl="15" />
    <char id="48" x="27" y="54" width="26" height="42" xoffset="3" yoffset="11" xadvance="31" page="0" chnl="15" />
    <char id="49" x="0" y="211" width="26" height="42" xoffset="3" yoffset="11" xadvance="31" page="0" chnl="15" />
    <char id="50" x="81" y="43" width="26" height="42" xoffset="3" yoffset="11" xadvance="31" page="0" chnl="15" />
    <char id="51" x="486" y="43" width="25" height="42" xoffset="4" yoffset="11" xadvance="31" page="0" chnl="15" />
    <char id="52" x="376" y="129" width="26" height="41" xoffset="3" yoffset="12" xadvance="31" page="0" chnl="15" />
    <char id="53" x="162" y="43" width="26" height="42" xoffset="3" yoffset="11" xadvance="31" page="0" chnl="15" />
    <char id="54" x="220" y="0" width="26" height="42" xoffset="3" yoffset="11" xadvance="31" page="0" chnl="15" />
    <char id="55" x="486" y="86" width="25" height="42" xoffset="4" yoffset="11" xadvance="31" page="0" chnl="15" />
    <char id="56" x="243" y="43" width="26" height="42" xoffset="3" yoffset="11" xadvance="31" page="0" chnl="15" />
    <char id="57" x="270" y="43" width="26" height="42" xoffset="3" yoffset="11" xadvance="31" page="0" chnl="15" />
    <char id="58" x="441" y="129" width="6" height="35" xoffset="4" yoffset="18" xadvance="14" page="0" chnl="15" />
    <char id="59" x="355" y="129" width="6" height="42" xoffset="4" yoffset="18" xadvance="14" page="0" chnl="15" />
    <char id="60" x="448" y="129" width="17" height="29" xoffset="3" yoffset="18" xadvance="23" page="0" chnl="15" />
    <char id="61" x="46" y="183" width="21" height="14" xoffset="3" yoffset="25" xadvance="27" page="0" chnl="15" />
    <char id="62" x="466" y="129" width="17" height="29" xoffset="3" yoffset="18" xadvance="23" page="0" chnl="15" />
    <char id="63" x="33" y="0" width="26" height="48" xoffset="3" yoffset="11" xadvance="31" page="0" chnl="15" />
    <char id="64" x="101" y="0" width="31" height="42" xoffset="3" yoffset="11" xadvance="37" page="0" chnl="15" />
    <char id="65" x="405" y="43" width="26" height="42" xoffset="3" yoffset="11" xadvance="31" page="0" chnl="15" />
    <char id="66" x="432" y="43" width="26" height="42" xoffset="3" yoffset="11" xadvance="31" page="0" chnl="15" />
    <char id="67" x="459" y="43" width="26" height="42" xoffset="3" yoffset="11" xadvance="31" page="0" chnl="15" />
    <char id="68" x="0" y="103" width="26" height="42" xoffset="3" yoffset="11" xadvance="31" page="0" chnl="15" />
    <char id="69" x="27" y="97" width="26" height="42" xoffset="3" yoffset="11" xadvance="31" page="0" chnl="15" />
    <char id="70" x="54" y="92" width="26" height="42" xoffset="3" yoffset="11" xadvance="31" page="0" chnl="15" />
    <char id="71" x="81" y="86" width="26" height="42" xoffset="3" yoffset="11" xadvance="31" page="0" chnl="15" />
    <char id="72" x="108" y="86" width="26" height="42" xoffset="3" yoffset="11" xadvance="31" page="0" chnl="15" />
    <char id="73" x="362" y="129" width="6" height="42" xoffset="5" yoffset="11" xadvance="17" page="0" chnl="15" />
    <char id="74" x="135" y="86" width="26" height="42" xoffset="3" yoffset="11" xadvance="31" page="0" chnl="15" />
    <char id="75" x="162" y="86" width="26" height="42" xoffset="3" yoffset="11" xadvance="31" page="0" chnl="15" />
    <char id="76" x="189" y="86" width="26" height="42" xoffset="3" yoffset="11" xadvance="31" page="0" chnl="15" />
    <char id="77" x="216" y="86" width="26" height="42" xoffset="3" yoffset="11" xadvance="31" page="0" chnl="15" />
    <char id="78" x="243" y="86" width="26" height="42" xoffset="3" yoffset="11" xadvance="31" page="0" chnl="15" />
    <char id="79" x="409" y="0" width="26" height="42" xoffset="3" yoffset="11" xadvance="31" page="0" chnl="15" />
    <char id="80" x="297" y="86" width="26" height="42" xoffset="3" yoffset="11" xadvance="31" page="0" chnl="15" />
    <char id="81" x="324" y="86" width="26" height="42" xoffset="3" yoffset="11" xadvance="31" page="0" chnl="15" />
    <char id="82" x="351" y="86" width="26" height="42" xoffset="3" yoffset="11" xadvance="31" page="0" chnl="15" />
    <char id="83" x="378" y="86" width="26" height="42" xoffset="3" yoffset="11" xadvance="31" page="0" chnl="15" />
    <char id="84" x="405" y="86" width="26" height="42" xoffset="3" yoffset="11" xadvance="31" page="0" chnl="15" />
    <char id="85" x="432" y="86" width="26" height="42" xoffset="3" yoffset="11" xadvance="31" page="0" chnl="15" />
    <char id="86" x="459" y="86" width="26" height="42" xoffset="3" yoffset="11" xadvance="31" page="0" chnl="15" />
    <char id="87" x="0" y="146" width="26" height="42" xoffset="3" yoffset="11" xadvance="31" page="0" chnl="15" />
    <char id="88" x="27" y="140" width="26" height="42" xoffset="3" yoffset="11" xadvance="31" page="0" chnl="15" />
    <char id="89" x="54" y="135" width="26" height="42" xoffset="3" yoffset="11" xadvance="31" page="0" chnl="15" />
    <char id="90" x="81" y="129" width="26" height="42" xoffset="3" yoffset="11" xadvance="31" page="0" chnl="15" />
    <char id="91" x="323" y="129" width="15" height="42" xoffset="3" yoffset="11" xadvance="21" page="0" chnl="15" />
    <char id="92" x="192" y="0" width="27" height="42" xoffset="1" yoffset="11" xadvance="30" page="0" chnl="15" />
    <char id="93" x="339" y="129" width="15" height="42" xoffset="3" yoffset="11" xadvance="21" page="0" chnl="15" />
    <char id="94" x="22" y="189" width="23" height="15" xoffset="3" yoffset="11" xadvance="29" page="0" chnl="15" />
    <char id="95" x="122" y="172" width="24" height="5" xoffset="1" yoffset="59" xadvance="26" page="0" chnl="15" />
    <char id="96" x="112" y="172" width="9" height="10" xoffset="3" yoffset="11" xadvance="14" page="0" chnl="15" />
    <char id="97" x="108" y="129" width="26" height="42" xoffset="3" yoffset="11" xadvance="31" page="0" chnl="15" />
    <char id="98" x="135" y="129" width="26" height="42" xoffset="3" yoffset="11" xadvance="31" page="0" chnl="15" />
    <char id="99" x="162" y="129" width="26" height="42" xoffset="3" yoffset="11" xadvance="31" page="0" chnl="15" />
    <char id="100" x="189" y="129" width="26" height="42" xoffset="3" yoffset="11" xadvance="31" page="0" chnl="15" />
    <char id="101" x="216" y="129" width="26" height="42" xoffset="3" yoffset="11" xadvance="31" page="0" chnl="15" />
    <char id="102" x="243" y="129" width="26" height="42" xoffset="3" yoffset="11" xadvance="31" page="0" chnl="15" />
    <char id="103" x="247" y="0" width="26" height="42" xoffset="3" yoffset="11" xadvance="31" page="0" chnl="15" />
    <char id="104" x="274" y="0" width="26" height="42" xoffset="3" yoffset="11" xadvance="31" page="0" chnl="15" />
    <char id="105" x="369" y="129" width="6" height="42" xoffset="5" yoffset="11" xadvance="17" page="0" chnl="15" />
    <char id="106" x="301" y="0" width="26" height="42" xoffset="3" yoffset="11" xadvance="31" page="0" chnl="15" />
    <char id="107" x="328" y="0" width="26" height="42" xoffset="3" yoffset="11" xadvance="31" page="0" chnl="15" />
    <char id="108" x="355" y="0" width="26" height="42" xoffset="3" yoffset="11" xadvance="31" page="0" chnl="15" />
    <char id="109" x="382" y="0" width="26" height="42" xoffset="3" yoffset="11" xadvance="31" page="0" chnl="15" />
    <char id="110" x="436" y="0" width="26" height="42" xoffset="3" yoffset="11" xadvance="31" page="0" chnl="15" />
    <char id="111" x="463" y="0" width="26" height="42" xoffset="3" yoffset="11" xadvance="31" page="0" chnl="15" />
    <char id="112" x="0" y="60" width="26" height="42" xoffset="3" yoffset="11" xadvance="31" page="0" chnl="15" />
    <char id="113" x="54" y="49" width="26" height="42" xoffset="3" yoffset="11" xadvance="31" page="0" chnl="15" />
    <char id="114" x="108" y="43" width="26" height="42" xoffset="3" yoffset="11" xadvance="31" page="0" chnl="15" />
    <char id="115" x="270" y="86" width="26" height="42" xoffset="3" yoffset="11" xadvance="31" page="0" chnl="15" />
    <char id="116" x="135" y="43" width="26" height="42" xoffset="3" yoffset="11" xadvance="31" page="0" chnl="15" />
    <char id="117" x="189" y="43" width="26" height="42" xoffset="3" yoffset="11" xadvance="31" page="0" chnl="15" />
    <char id="118" x="216" y="43" width="26" height="42" xoffset="3" yoffset="11" xadvance="31" page="0" chnl="15" />
    <char id="119" x="297" y="43" width="26" height="42" xoffset="3" yoffset="11" xadvance="31" page="0" chnl="15" />
    <char id="120" x="324" y="43" width="26" height="42" xoffset="3" yoffset="11" xadvance="31" page="0" chnl="15" />
    <char id="121" x="351" y="43" width="26" height="42" xoffset="3" yoffset="11" xadvance="31" page="0" chnl="15" />
    <char id="122" x="378" y="43" width="26" height="42" xoffset="3" yoffset="11" xadvance="31" page="0" chnl="15" />
    <char id="123" x="490" y="0" width="20" height="42" xoffset="1" yoffset="11" xadvance="24" page="0" chnl="15" />
    <char id="124" x="27" y="0" width="5" height="53" xoffset="5" yoffset="11" xadvance="16" page="0" chnl="15" />
    <char id="125" x="270" y="129" width="20" height="42" xoffset="3" yoffset="11" xadvance="24" page="0" chnl="15" />
    <char id="126" x="88" y="172" width="23" height="10" xoffset="3" yoffset="28" xadvance="29" page="0" chnl="15" />
  </chars>
</font>
